﻿iso_code,continent,location,last_updated_date,total_cases,total_deaths,population,percpop_infected
AFG,Asia,Afghanistan,2/20/2022,172205,7539,39835428,0.43
OWID_AFR,,Africa,2/20/2022,11167659,246857,1373486472,0.81
ALB,Europe,Albania,2/20/2022,270164,3438,2872934,9.40
DZA,Africa,Algeria,2/20/2022,264054,6797,44616626,0.59
AND,Europe,Andorra,2/20/2022,37589,150,77354,48.59
AGO,Africa,Angola,2/20/2022,98638,1899,33933611,0.29
AIA,North America,Anguilla,2/20/2022,2506,9,15125,16.57
ATG,North America,Antigua and Barbuda,2/20/2022,7408,135,98728,7.50
ARG,South America,Argentina,2/20/2022,8827504,125278,45605823,19.36
ARM,Asia,Armenia,2/20/2022,415464,8322,2968128,14.00
ABW,North America,Aruba,2/20/2022,33606,198,107195,31.35
OWID_ASI,,Asia,2/20/2022,112287824,1337631,4678444992,2.40
AUS,Oceania,Australia,2/20/2022,3048857,4929,25788217,11.82
AUT,Europe,Austria,2/20/2022,2473099,14581,9043072,27.35
AZE,Asia,Azerbaijan,2/20/2022,774394,9235,10223344,7.57
BHS,North America,Bahamas,2/20/2022,33052,770,396914,8.33
BHR,Asia,Bahrain,2/20/2022,492327,1437,1748295,28.16
BGD,Asia,Bangladesh,2/20/2022,1933291,28965,166303494,1.16
BRB,North America,Barbados,2/20/2022,53698,310,287708,18.66
BLR,Europe,Belarus,2/20/2022,883217,6361,9442867,9.35
BEL,Europe,Belgium,2/20/2022,3494223,29920,11632334,30.04
BLZ,North America,Belize,2/20/2022,56079,641,404915,13.85
BEN,Africa,Benin,2/20/2022,26567,163,12451031,0.21
BMU,North America,Bermuda,2/20/2022,11316,122,62092,18.22
BTN,Asia,Bhutan,2/20/2022,10078,6,779900,1.29
BOL,South America,Bolivia,2/20/2022,889511,21372,11832936,7.52
BES,North America,Bonaire Sint Eustatius and Saba,2/20/2022,7514,31,26445,28.41
BIH,Europe,Bosnia and Herzegovina,2/20/2022,367641,15263,3263459,11.27
BWA,Africa,Botswana,2/20/2022,261913,2608,2397240,10.93
BRA,South America,Brazil,2/20/2022,28218180,644592,213993441,13.19
VGB,North America,British Virgin Islands,2/20/2022,6050,62,30423,19.89
BRN,Asia,Brunei,2/20/2022,34979,109,441532,7.92
BGR,Europe,Bulgaria,2/20/2022,1067648,35042,6896655,15.48
BFA,Africa,Burkina Faso,2/20/2022,20751,375,21497097,0.10
BDI,Africa,Burundi,2/20/2022,37947,38,12255429,0.31
KHM,Asia,Cambodia,2/20/2022,126489,3017,16946446,0.75
CMR,Africa,Cameroon,2/20/2022,119107,1920,27224262,0.44
CAN,North America,Canada,2/20/2022,3238624,36000,38067913,8.51
CPV,Africa,Cape Verde,2/20/2022,55860,400,561901,9.94
CYM,North America,Cayman Islands,2/20/2022,18728,17,66498,28.16
CAF,Africa,Central African Republic,2/20/2022,14187,113,4919987,0.29
TCD,Africa,Chad,2/20/2022,7216,190,16914985,0.04
CHL,South America,Chile,2/20/2022,2851382,41347,19212362,14.84
CHN,Asia,China,2/20/2022,107851,4636,1444216102,0.01
COL,South America,Colombia,2/20/2022,6047042,138106,51265841,11.80
COM,Africa,Comoros,2/20/2022,8020,160,888456,0.90
COG,Africa,Congo,2/20/2022,23874,375,5657017,0.42
COK,Oceania,Cook Islands,2/20/2022,2,,17572,0.01
CRI,North America,Costa Rica,2/20/2022,783437,7894,5139053,15.24
CIV,Africa,Cote d'Ivoire,2/20/2022,81367,791,27053629,0.30
HRV,Europe,Croatia,2/20/2022,1041212,14815,4081657,25.51
CUB,North America,Cuba,2/20/2022,1065385,8487,11317498,9.41
CUW,North America,Curacao,2/20/2022,38717,260,164796,23.49
CYP,Europe,Cyprus,2/20/2022,306219,823,896005,34.18
CZE,Europe,Czechia,2/20/2022,3506076,38226,10724553,32.69
COD,Africa,Democratic Republic of Congo,2/20/2022,85834,1316,92377986,0.09
DNK,Europe,Denmark,2/20/2022,2578051,4312,5813302,44.35
DJI,Africa,Djibouti,2/20/2022,15542,189,1002197,1.55
DMA,North America,Dominica,2/20/2022,10801,57,72172,14.97
DOM,North America,Dominican Republic,2/20/2022,571856,4357,10953714,5.22
ECU,South America,Ecuador,2/20/2022,808925,35105,17888474,4.52
EGY,Africa,Egypt,2/20/2022,469457,23752,104258327,0.45
SLV,North America,El Salvador,2/20/2022,147786,4041,6518500,2.27
GNQ,Africa,Equatorial Guinea,2/20/2022,15870,182,1449891,1.09
ERI,Africa,Eritrea,2/20/2022,9687,103,3601462,0.27
EST,Europe,Estonia,2/20/2022,459747,2162,1325188,34.69
SWZ,Africa,Eswatini,2/20/2022,68978,1388,1172369,5.88
ETH,Africa,Ethiopia,2/20/2022,468345,7438,117876226,0.40
OWID_EUR,,Europe,2/20/2022,152017425,1688532,748962983,20.30
OWID_EUN,,European Union,2/20/2022,104581552,996909,447189915,23.39
FRO,Europe,Faeroe Islands,2/20/2022,32044,24,49053,65.33
FLK,South America,Falkland Islands,2/20/2022,105,,3528,2.98
FJI,Oceania,Fiji,2/20/2022,63624,824,902899,7.05
FIN,Europe,Finland,2/20/2022,605046,2277,5548361,10.90
FRA,Europe,France,2/20/2022,22339467,136664,67422000,33.13
PYF,Oceania,French Polynesia,2/20/2022,60716,637,282534,21.49
GAB,Africa,Gabon,2/20/2022,47484,303,2278829,2.08
GMB,Africa,Gambia,2/20/2022,11924,365,2486937,0.48
GEO,Asia,Georgia,2/20/2022,1548893,15856,3979773,38.92
DEU,Europe,Germany,2/20/2022,13667353,121302,83900471,16.29
GHA,Africa,Ghana,2/20/2022,158220,1433,31732128,0.50
GIB,Europe,Gibraltar,2/20/2022,14873,101,33691,44.15
GRC,Europe,Greece,2/20/2022,2298926,25327,10370747,22.17
GRL,North America,Greenland,2/20/2022,11565,12,56868,20.34
GRD,North America,Grenada,2/20/2022,13526,214,113015,11.97
GTM,North America,Guatemala,2/20/2022,757588,16787,18249868,4.15
GGY,Europe,Guernsey,2/15/2022,,,63385,0.00
GIN,Africa,Guinea,2/20/2022,36354,438,13497237,0.27
GNB,Africa,Guinea-Bissau,2/20/2022,7907,166,2015490,0.39
GUY,South America,Guyana,2/20/2022,62656,1211,790329,7.93
HTI,North America,Haiti,2/20/2022,30226,819,11541683,0.26
OWID_HIC,,High income,2/20/2022,226722754,2168020,1214930230,18.66
HND,North America,Honduras,2/20/2022,404764,10608,10062994,4.02
HKG,Asia,Hong Kong,2/20/2022,22468,288,7552800,0.30
HUN,Europe,Hungary,2/20/2022,1746424,43066,9634162,18.13
ISL,Europe,Iceland,2/20/2022,102086,58,368792,27.68
IND,Asia,India,2/20/2022,42838524,512109,1393409033,3.07
IDN,Asia,Indonesia,2/20/2022,4966046,145622,276361788,1.80
OWID_INT,,International,2/20/2022,721,15,,
IRN,Asia,Iran,2/20/2022,6942452,135040,85028760,8.16
IRQ,Asia,Iraq,2/20/2022,2291170,24858,41179351,5.56
IRL,Europe,Ireland,2/20/2022,1265124,6417,4982904,25.39
IMN,Europe,Isle of Man,2/20/2022,22297,79,85410,26.11
ISR,Asia,Israel,2/20/2022,3552858,9971,9291000,38.24
ITA,Europe,Italy,2/20/2022,12469975,152989,60367471,20.66
JAM,North America,Jamaica,2/20/2022,127610,2784,2973462,4.29
JPN,Asia,Japan,2/20/2022,4490748,21844,126050796,3.56
JEY,Europe,Jersey,2/13/2022,,,101073,0.00
JOR,Asia,Jordan,2/20/2022,1570907,13682,10269022,15.30
KAZ,Asia,Kazakhstan,2/20/2022,1386963,18851,18994958,7.30
KEN,Africa,Kenya,2/20/2022,322696,5635,54985702,0.59
KIR,Oceania,Kiribati,2/20/2022,2833,11,121388,2.33
OWID_KOS,Europe,Kosovo,2/20/2022,225148,3100,1782115,12.63
KWT,Asia,Kuwait,2/20/2022,613015,2529,4328553,14.16
KGZ,Asia,Kyrgyzstan,2/20/2022,200322,2944,6628347,3.02
LAO,Asia,Laos,2/20/2022,141083,610,7379358,1.91
LVA,Europe,Latvia,2/20/2022,585944,5108,1866934,31.39
LBN,Asia,Lebanon,2/20/2022,1046173,9970,6769151,15.46
LSO,Africa,Lesotho,2/20/2022,32434,696,2159067,1.50
LBR,Africa,Liberia,2/20/2022,7360,290,5180208,0.14
LBY,Africa,Libya,2/20/2022,484445,6191,6958538,6.96
LIE,Europe,Liechtenstein,2/20/2022,11238,75,38254,29.38
LTU,Europe,Lithuania,2/20/2022,862049,8251,2689862,32.05
OWID_LIC,,Low income,2/20/2022,1797652,41458,665149040,0.27
OWID_LMC,,Lower middle income,2/20/2022,80485631,1265239,3330652550,2.42
LUX,Europe,Luxembourg,2/20/2022,177372,983,634814,27.94
MAC,Asia,Macao,2/20/2022,79,,658391,0.01
MDG,Africa,Madagascar,2/20/2022,63433,1350,28427333,0.22
MWI,Africa,Malawi,2/20/2022,85219,2606,19647681,0.43
MYS,Asia,Malaysia,2/20/2022,3221680,32347,32776195,9.83
MDV,Asia,Maldives,2/20/2022,165073,291,543620,30.37
MLI,Africa,Mali,2/20/2022,30340,720,20855724,0.15
MLT,Europe,Malta,2/20/2022,70665,596,516100,13.69
MHL,Oceania,Marshall Islands,2/20/2022,7,,59618,0.01
MRT,Africa,Mauritania,2/20/2022,58611,976,4775110,1.23
MUS,Africa,Mauritius,2/20/2022,70862,786,1273428,5.56
MEX,North America,Mexico,2/20/2022,5413425,315688,130262220,4.16
FSM,Oceania,Micronesia (country),2/20/2022,1,,116255,0.00
MDA,Europe,Moldova,2/20/2022,495184,11104,4024025,12.31
MCO,Europe,Monaco,2/20/2022,9188,51,39520,23.25
MNG,Asia,Mongolia,2/20/2022,893721,2159,3329282,26.84
MNE,Europe,Montenegro,2/20/2022,228771,2658,628051,36.43
MSR,North America,Montserrat,2/20/2022,163,2,4981,3.27
MAR,Africa,Morocco,2/20/2022,1158967,15894,37344787,3.10
MOZ,Africa,Mozambique,2/20/2022,224903,2189,32163045,0.70
MMR,Asia,Myanmar,2/20/2022,565667,19331,54806014,1.03
NAM,Africa,Namibia,2/20/2022,157010,4002,2587344,6.07
NPL,Asia,Nepal,2/20/2022,975559,11921,29674920,3.29
NLD,Europe,Netherlands,2/20/2022,6092081,21568,17173094,35.47
NCL,Oceania,New Caledonia,2/20/2022,43885,287,288217,15.23
NZL,Oceania,New Zealand,2/20/2022,33317,53,5126300,0.65
NIC,North America,Nicaragua,2/20/2022,17895,223,6702379,0.27
NER,Africa,Niger,2/20/2022,8738,303,25130810,0.03
NGA,Africa,Nigeria,2/20/2022,254243,3142,211400704,0.12
OWID_NAM,,North America,2/20/2022,92260303,1357988,596581283,15.46
MKD,Europe,North Macedonia,2/20/2022,293328,8898,2082661,14.08
NOR,Europe,Norway,2/20/2022,1136409,1548,5465629,20.79
OWID_OCE,,Oceania,2/20/2022,3303136,7473,43219954,7.64
OMN,Asia,Oman,2/20/2022,375688,4231,5223376,7.19
PAK,Asia,Pakistan,2/20/2022,1501680,30040,225199929,0.67
PLW,Oceania,Palau,2/20/2022,3463,5,18174,19.05
PSE,Asia,Palestine,2/20/2022,627956,5357,5222756,12.02
PAN,North America,Panama,2/20/2022,750760,8019,4381583,17.13
PNG,Oceania,Papua New Guinea,2/20/2022,39909,636,9119005,0.44
PRY,South America,Paraguay,2/20/2022,634780,18191,7219641,8.79
PER,South America,Peru,2/20/2022,3496009,209468,33359415,10.48
PHL,Asia,Philippines,2/20/2022,3652203,55684,111046910,3.29
POL,Europe,Poland,2/20/2022,5513075,109817,37797000,14.59
PRT,Europe,Portugal,2/20/2022,3187389,20831,10167923,31.35
QAT,Asia,Qatar,2/20/2022,354222,662,2930524,12.09
ROU,Europe,Romania,2/20/2022,2663630,62539,19127772,13.93
RUS,Europe,Russia,2/20/2022,15147762,338595,145912022,10.38
RWA,Africa,Rwanda,2/20/2022,129372,1456,13276517,0.97
SHN,Africa,Saint Helena,2/20/2022,4,,6095,0.07
KNA,North America,Saint Kitts and Nevis,2/20/2022,5523,42,53546,10.31
LCA,North America,Saint Lucia,2/20/2022,22468,356,184401,12.18
SPM,North America,Saint Pierre and Miquelon,2/20/2022,1058,1,5771,18.33
VCT,North America,Saint Vincent and the Grenadines,2/20/2022,8468,104,111269,7.61
WSM,Oceania,Samoa,2/20/2022,33,,200144,0.02
SMR,Europe,San Marino,2/20/2022,14147,112,34010,41.60
STP,Africa,Sao Tome and Principe,2/20/2022,5926,71,223364,2.65
SAU,Asia,Saudi Arabia,2/20/2022,739344,8984,35340680,2.09
SEN,Africa,Senegal,2/20/2022,85564,1958,17196308,0.50
SRB,Europe,Serbia,2/20/2022,1883113,14849,6871547,27.40
SYC,Africa,Seychelles,2/20/2022,38916,159,98910,39.34
SLE,Africa,Sierra Leone,2/20/2022,7663,125,8141343,0.09
SGP,Asia,Singapore,2/20/2022,582638,945,5453600,10.68
SXM,North America,Sint Maarten (Dutch part),2/11/2022,,,43421,0.00
SVK,Europe,Slovakia,2/20/2022,2000643,18240,5449270,36.71
SVN,Europe,Slovenia,2/20/2022,878036,6203,2078723,42.24
SLB,Oceania,Solomon Islands,2/20/2022,5790,83,703995,0.82
SOM,Africa,Somalia,2/20/2022,26260,1345,16359500,0.16
ZAF,Africa,South Africa,2/20/2022,3658547,98667,60041996,6.09
OWID_SAM,,South America,2/20/2022,53240067,1248461,434260137,12.26
KOR,Asia,South Korea,2/20/2022,2058184,7450,51305184,4.01
SSD,Africa,South Sudan,2/20/2022,16903,137,11381377,0.15
ESP,Europe,Spain,2/20/2022,10809222,97998,46745211,23.12
LKA,Asia,Sri Lanka,2/20/2022,636837,15994,21497306,2.96
SDN,Africa,Sudan,2/20/2022,59939,3831,44909351,0.13
SUR,South America,Suriname,2/20/2022,77716,1310,591798,13.13
SWE,Europe,Sweden,2/20/2022,2422856,16852,10160159,23.85
CHE,Europe,Switzerland,2/20/2022,2664194,13016,8715494,30.57
SYR,Asia,Syria,2/20/2022,53659,3050,18275704,0.29
TWN,Asia,Taiwan,2/20/2022,20007,852,23855008,0.08
TJK,Asia,Tajikistan,2/20/2022,17783,125,9749625,0.18
TZA,Africa,Tanzania,2/20/2022,33549,796,61498438,0.05
THA,Asia,Thailand,2/20/2022,2731198,22656,69950844,3.90
TLS,Asia,Timor,2/20/2022,22358,125,1343875,1.66
TGO,Africa,Togo,2/20/2022,36738,271,8478242,0.43
TON,Oceania,Tonga,2/20/2022,234,,106759,0.22
TTO,North America,Trinidad and Tobago,2/20/2022,123721,3567,1403374,8.82
TUN,Africa,Tunisia,2/20/2022,986336,27448,11935764,8.26
TUR,Asia,Turkey,2/20/2022,13504485,92451,85042736,15.88
TCA,North America,Turks and Caicos Islands,2/20/2022,5846,36,39226,14.90
UGA,Africa,Uganda,2/20/2022,163032,3582,47123533,0.35
UKR,Europe,Ukraine,2/20/2022,4943428,111423,43466822,11.37
ARE,Asia,United Arab Emirates,2/20/2022,874607,2294,9991083,8.75
GBR,Europe,United Kingdom,2/20/2022,18654023,160720,68207114,27.35
USA,North America,United States,2/20/2022,78479134,935335,332915074,23.57
OWID_UMC,,Upper middle income,2/20/2022,115258542,2412175,2513672790,4.59
URY,South America,Uruguay,2/20/2022,815704,6879,3485152,23.41
UZB,Asia,Uzbekistan,2/20/2022,235267,1619,33935765,0.69
VUT,Oceania,Vanuatu,2/20/2022,11,1,314464,0.00
VAT,Europe,Vatican,2/20/2022,29,,812,3.57
VEN,South America,Venezuela,2/20/2022,510553,5602,28704947,1.78
VNM,Asia,Vietnam,2/20/2022,2787493,39501,98168829,2.84
WLF,Oceania,Wallis and Futuna,2/20/2022,454,7,11094,4.09
OWID_WRL,,World,2/20/2022,424277135,5886957,7874965730,5.39
YEM,Asia,Yemen,2/20/2022,11736,2122,30490639,0.04
ZMB,Africa,Zambia,2/20/2022,311194,3943,18920657,1.64
ZWE,Africa,Zimbabwe,2/20/2022,233352,5386,15092171,1.55
