Label,Loyalty,ID,Tag
Romeo,Montague,1,Male
Juliet,Capulet,2,Female
Friar Lawrence,None,3,Male
Mercutio,None,4,Male
The Nurse,Capulet,5,Female
Tybalt,Capulet,6,Male
Capulet,Capulet,7,Male
Lady Capulet,Capulet,8,Female
Montague,Montague,9,Male
Lady Montague,Montague,10,Female
Paris,Capulet,11,Male
Benvolio,Montague,12,Male
Prince Escalus,None,13,Male
Friar John,None,14,Male
Balthasar,Montague,15,Male
Sampson,Capulet,16,Male
Gregory,Capulet,17,Male
Abram,Montague,18,Male
Peter,Capulet,20,Male
