Tree ID,Inspection status
243275,Complete
244235,Complete
243284,Complete
243273,Complete
243279,Complete
243272,Complete
243282,Complete
244226,Complete
243291,Complete
244223,Complete
243286,Complete
243888,Complete
243294,Complete
243912,Complete
243261,Complete
243940,Complete
243931,Complete
243266,Complete
243952,Complete
243258,Complete
243327,Complete
243326,Complete
243255,Complete
243963,Complete
243297,Complete
243324,Complete
243325,Complete
243977,Complete
244214,Complete
243243,Complete
243248,Complete
244207,Complete
243298,Complete
243300,Complete
244005,Complete
243999,Complete
243237,Complete
244011,Complete
244198,Complete
243988,Complete
243323,Complete
243231,Complete
243311,Complete
244046,Complete
244042,Complete
244015,Complete
243308,Complete
244036,Complete
243322,Complete
244026,Complete
243209,Complete
244022,Complete
243197,Complete
243224,Complete
244055,Complete
243203,Complete
244064,Complete
243215,Complete
243193,Complete
243321,Complete
243317,Complete
243314,Complete
244070,Complete
244191,Complete
244080,Complete
243190,Complete
243319,Complete
244184,Complete
244106,Complete
244098,Complete
244091,Complete
244115,Complete
244125,Complete
244178,Complete
244128,Complete
244156,Complete
244164,Complete
244135,Complete
243174,Complete
243178,Complete
244151,Complete
244142,Complete
243139,Complete
243132,Complete
243135,Complete
243144,Complete
235061,Complete
235076,Complete
243124,Complete
244243,Complete
235080,Complete
237182,Complete
243122,Complete
235052,Complete
237181,Complete
237183,Complete
243119,Complete
235042,Complete
235057,Complete
237188,Complete
243116,Complete
237180,Complete
237191,Complete
243111,Complete
234979,Complete
237184,Complete
235019,Complete
237193,Complete
237186,Complete
237194,Complete
243102,Complete
234954,Complete
234924,Complete
234974,Complete
235005,Complete
237189,Complete
235014,Complete
243100,Complete
237192,Complete
237195,Complete
234946,Complete
234913,Complete
243104,Complete
237178,Complete
234990,Complete
234965,Complete
234960,Complete
237196,Complete
234941,Complete
234931,Complete
243094,Complete
234467,Complete
234868,Complete
234875,Complete
234471,Complete
234862,Complete
234437,Complete
234857,Complete
234472,Complete
234854,Complete
234444,Complete
234464,Complete
243090,Complete
234849,Complete
234448,Complete
237199,Complete
234462,Complete
234844,Complete
234458,Complete
237204,Complete
234449,Complete
234450,Complete
234454,Complete
234837,Complete
234455,Complete
234479,Complete
234834,Complete
237200,Complete
237177,Complete
243059,Complete
243083,Complete
234820,Complete
243086,Complete
554417,Complete
234482,Complete
243058,Complete
234811,Complete
243064,Complete
243081,Complete
234804,Complete
234487,Complete
234798,Complete
243078,Complete
234492,Complete
554416,Complete
237150,Complete
237207,Complete
234749,Complete
235089,Complete
243067,Complete
237146,Complete
235094,Complete
234683,Complete
243051,Complete
237157,Complete
243056,Complete
235147,Complete
235142,Complete
234677,Complete
235101,Complete
234670,Complete
235106,Complete
235155,Complete
235152,Complete
237176,Complete
235108,Complete
234654,Complete
237152,Complete
234506,Complete
250530,Complete
235114,Complete
554414,Complete
234645,Complete
234499,Complete
243044,Complete
235160,Complete
234639,Complete
250531,Complete
554415,Complete
234502,Complete
235164,Complete
235170,Complete
250529,Complete
234509,Complete
235177,Complete
234512,Complete
234633,Complete
237209,Complete
235181,Complete
234517,Complete
234628,Complete
554413,Complete
243038,Complete
234624,Complete
235187,Complete
234521,Complete
553083,Complete
237175,Complete
235193,Complete
234614,Complete
250528,Complete
243034,Complete
234528,Complete
546212,Complete
234605,Complete
235199,Complete
243033,Complete
243032,Complete
235206,Complete
237174,Complete
243031,Complete
234597,Complete
234539,Complete
234544,Complete
243030,Complete
237173,Complete
242991,Complete
234546,Complete
234591,Complete
243029,Complete
242990,Complete
235210,Complete
235214,Complete
237588,Complete
243025,Complete
234584,Complete
242988,Complete
234571,Complete
242989,Complete
237171,Complete
234556,Complete
242986,Complete
235215,Complete
242987,Complete
234560,Complete
235218,Complete
237587,Complete
235413,Complete
237585,Complete
242985,Complete
242981,Complete
237582,Complete
235416,Complete
237580,Complete
235222,Complete
243022,Complete
237578,Complete
242980,Complete
235276,Complete
235420,Complete
235292,Complete
235283,Complete
235301,Complete
242979,Complete
237576,Complete
242978,Complete
243016,Complete
235305,Complete
242976,Complete
237169,Complete
237573,Complete
237384,Complete
242977,Complete
235408,Complete
237388,Complete
243014,Complete
237170,Complete
237392,Complete
235396,Complete
235349,Complete
235345,Complete
243012,Complete
242975,Complete
235343,Complete
237395,Complete
237248,Complete
235341,Complete
235359,Complete
237569,Complete
235327,Complete
235354,Complete
235336,Complete
235331,Complete
237567,Complete
237247,Complete
235361,Complete
553543,Complete
237566,Complete
237243,Complete
237160,Complete
237564,Complete
235391,Complete
235367,Complete
237240,Complete
235386,Complete
237234,Complete
235384,Complete
235373,Complete
237159,Complete
235381,Complete
237239,Complete
243008,Complete
235378,Complete
237561,Complete
237237,Complete
237229,Complete
242973,Complete
237402,Complete
237558,Complete
527091,Complete
243006,Complete
243004,Complete
237224,Complete
242972,Complete
237556,Complete
237165,Complete
237163,Complete
242966,Complete
242963,Complete
245055,Complete
237162,Complete
237220,Complete
242960,Complete
242969,Complete
237554,Complete
554411,Complete
237410,Complete
237218,Complete
245051,Complete
237552,Complete
250525,Complete
237213,Complete
242958,Complete
245042,Complete
237211,Complete
245047,Complete
250526,Complete
237413,Complete
242955,Complete
237551,Complete
237166,Complete
243001,Complete
237416,Complete
242952,Complete
242948,Complete
554410,Complete
242950,Complete
237216,Complete
245029,Complete
242998,Complete
245033,Complete
242996,Complete
242995,Complete
242994,Complete
242992,Complete
242946,Complete
242945,Complete
237423,Complete
245022,Complete
237427,Complete
237431,Complete
245004,Complete
244998,Complete
245026,Complete
242941,Complete
242943,Complete
237548,Complete
237434,Complete
245014,Complete
237437,Complete
242942,Complete
244993,Complete
245063,Complete
244990,Complete
237440,Complete
237443,Complete
244982,Complete
242940,Complete
244965,Complete
244955,Complete
242939,Complete
237445,Complete
244947,Complete
237544,Complete
244942,Complete
245066,Complete
244938,Complete
244934,Complete
237448,Complete
244926,Complete
244920,Complete
245082,Complete
237592,Complete
237494,Complete
237451,Complete
237594,Complete
245077,Complete
245069,Complete
237597,Complete
244905,Complete
237599,Complete
237602,Complete
237605,Complete
245095,Complete
237458,Complete
527097,Complete
237499,Complete
237503,Complete
237542,Complete
237461,Complete
237646,Complete
237643,Complete
237611,Complete
237491,Complete
237609,Complete
237468,Complete
237639,Complete
237641,Complete
237614,Complete
237465,Complete
237637,Complete
237623,Complete
237484,Complete
237636,Complete
237480,Complete
237474,Complete
237478,Complete
237475,Complete
237621,Complete
237616,Complete
245097,Complete
237634,Complete
237537,Complete
237629,Complete
237625,Complete
237509,Complete
554409,Complete
237632,Complete
237513,Complete
245102,Complete
237533,Complete
245106,Complete
237518,Complete
237766,Complete
237760,Complete
245108,Complete
237769,Complete
237523,Complete
237531,Complete
237771,Complete
245142,Complete
237776,Complete
237527,Complete
245239,Complete
249973,Complete
245241,Complete
237780,Complete
237783,Complete
245243,Complete
245244,Complete
237787,Complete
237541,Complete
237792,Complete
237858,Complete
237863,Complete
246499,Complete
246488,Complete
245151,Complete
246507,Complete
237538,Complete
246520,Complete
246535,Complete
246539,Complete
237534,Complete
245226,Complete
245166,Complete
245155,Complete
237530,Complete
245225,Complete
245161,Complete
245173,Complete
245219,Complete
245175,Complete
245214,Complete
245178,Complete
245213,Complete
245169,Complete
245223,Complete
245189,Complete
245194,Complete
245222,Complete
245191,Complete
237526,Complete
245230,Complete
245218,Complete
245212,Complete
245200,Complete
245201,Complete
245208,Complete
245186,Complete
237520,Complete
245228,Complete
237515,Complete
250159,Complete
245237,Complete
250000,Complete
237512,Complete
250185,Complete
250221,Complete
245231,Complete
250146,Complete
250192,Complete
250202,Complete
250169,Complete
250008,Complete
245233,Complete
250176,Complete
250116,Complete
245235,Complete
250125,Complete
250088,Complete
250230,Complete
250092,Complete
250129,Complete
250021,Complete
250099,Complete
250083,Complete
250071,Complete
250015,Complete
250066,Complete
237497,Complete
250078,Complete
250137,Complete
250075,Complete
250027,Complete
250108,Complete
237502,Complete
250060,Complete
237507,Complete
237486,Complete
237456,Complete
237483,Complete
250054,Complete
250032,Complete
250047,Complete
237459,Complete
237477,Complete
237454,Complete
236636,Complete
237464,Complete
237469,Complete
236633,Complete
237446,Complete
237473,Complete
237444,Complete
236632,Complete
237450,Complete
236631,Complete
247678,Complete
237383,Complete
237396,Complete
237379,Complete
237386,Complete
237393,Complete
237390,Complete
237400,Complete
237403,Complete
247683,Complete
237373,Complete
237414,Complete
237417,Complete
237545,Complete
237433,Complete
237420,Complete
247474,Complete
237424,Complete
247465,Complete
236621,Complete
247472,Complete
247460,Complete
237436,Complete
247354,Complete
237428,Complete
247463,Complete
247471,Complete
247470,Complete
247457,Complete
247441,Complete
237438,Complete
247454,Complete
236535,Complete
237441,Complete
247450,Complete
247445,Complete
247453,Complete
236544,Complete
247346,Complete
247344,Complete
247448,Complete
247350,Complete
236547,Complete
236620,Complete
236617,Complete
527103,Complete
236185,Complete
247337,Complete
236553,Complete
247339,Complete
236556,Complete
247341,Complete
247334,Complete
236089,Complete
236560,Complete
236511,Complete
247329,Complete
236562,Complete
236567,Complete
247331,Complete
236571,Complete
544356,Complete
236493,Complete
236521,Complete
236100,Complete
236485,Complete
236574,Complete
554420,Complete
247324,Complete
236578,Complete
554421,Complete
236501,Complete
236583,Complete
236588,Complete
544355,Complete
236106,Complete
236592,Complete
236575,Complete
236606,Complete
235952,Complete
247321,Complete
236435,Complete
236596,Complete
236580,Complete
236020,Complete
247317,Complete
236467,Complete
236608,Complete
236450,Complete
236072,Complete
236601,Complete
236614,Complete
236415,Complete
527099,Complete
247313,Complete
236081,Complete
236589,Complete
236440,Complete
236471,Complete
236092,Complete
236457,Complete
236417,Complete
236141,Complete
247310,Complete
236443,Complete
238546,Complete
247308,Complete
236088,Complete
236422,Complete
236288,Complete
236134,Complete
235930,Complete
236025,Complete
236083,Complete
236034,Complete
236597,Complete
247303,Complete
236041,Complete
236612,Complete
236058,Complete
235957,Complete
236014,Complete
236048,Complete
236104,Complete
235979,Complete
247297,Complete
235991,Complete
236062,Complete
235985,Complete
236067,Complete
236114,Complete
236604,Complete
236119,Complete
236351,Complete
236123,Complete
236193,Complete
236199,Complete
236131,Complete
236005,Complete
236009,Complete
236607,Complete
236359,Complete
236209,Complete
236136,Complete
235994,Complete
236188,Complete
236368,Complete
236144,Complete
236163,Complete
236149,Complete
236170,Complete
236012,Complete
236022,Complete
236073,Complete
236175,Complete
236227,Complete
236026,Complete
236033,Complete
236386,Complete
236061,Complete
236039,Complete
236256,Complete
236182,Complete
236066,Complete
236265,Complete
236056,Complete
235216,Complete
236274,Complete
236192,Complete
236050,Complete
236396,Complete
236277,Complete
236045,Complete
235068,Complete
235088,Complete
236402,Complete
236283,Complete
235098,Complete
235051,Complete
236405,Complete
538938,Complete
244060,Complete
244075,Complete
235130,Complete
235044,Complete
244078,Complete
244058,Complete
244082,Complete
244331,Complete
236225,Complete
235138,Complete
236217,Complete
244334,Complete
244339,Complete
235002,Complete
244345,Complete
244348,Complete
244351,Complete
244041,Complete
244355,Complete
244359,Complete
236232,Complete
235007,Complete
244361,Complete
244363,Complete
234994,Complete
244039,Complete
244366,Complete
244369,Complete
236239,Complete
244371,Complete
244032,Complete
244028,Complete
244035,Complete
244025,Complete
244373,Complete
236280,Complete
235015,Complete
244021,Complete
244019,Complete
243868,Complete
243898,Complete
244014,Complete
244010,Complete
243946,Complete
236249,Complete
243970,Complete
243953,Complete
243902,Complete
243942,Complete
243915,Complete
243956,Complete
243928,Complete
243964,Complete
243937,Complete
243930,Complete
527100,Complete
235021,Complete
235188,Complete
236252,Complete
234940,Complete
234579,Complete
234583,Complete
234443,Complete
234533,Complete
234572,Complete
234531,Complete
234559,Complete
234524,Complete
234568,Complete
234469,Complete
236272,Complete
234505,Complete
236310,Complete
236267,Complete
234508,Complete
234473,Complete
234481,Complete
234936,Complete
234601,Complete
236261,Complete
236317,Complete
234477,Complete
236286,Complete
236294,Complete
236345,Complete
236334,Complete
235153,Complete
236324,Complete
554422,Complete
234607,Complete
236298,Complete
237577,Complete
236340,Complete
235167,Complete
235195,Complete
234611,Complete
234930,Complete
235176,Complete
236304,Complete
238432,Complete
237584,Complete
234620,Complete
238427,Complete
238451,Complete
238442,Complete
234925,Complete
238418,Complete
236354,Complete
238456,Complete
234655,Complete
234625,Complete
234652,Complete
234919,Complete
234648,Complete
234658,Complete
234663,Complete
238459,Complete
236360,Complete
236463,Complete
234904,Complete
236412,Complete
238419,Complete
234668,Complete
236381,Complete
234693,Complete
234681,Complete
236419,Complete
238465,Complete
234702,Complete
234961,Complete
236460,Pending
234900,Pending
236424,Pending
236387,Pending
238413,Pending
236453,Pending
234698,Pending
238474,Pending
544354,Pending
238539,Pending
236365,Pending
236445,Pending
234724,Pending
234894,Pending
238478,Pending
236390,Pending
234733,Pending
238052,Pending
238048,Pending
234890,Pending
238046,Pending
236500,Pending
238041,Pending
236403,Pending
236519,Pending
236369,Pending
234738,Pending
238030,Pending
238022,Pending
238019,Pending
236400,Pending
236407,Pending
238585,Pending
238013,Pending
238062,Pending
238035,Pending
234747,Pending
236441,Pending
236512,Pending
236494,Pending
238591,Pending
234883,Pending
238009,Pending
236373,Pending
238405,Pending
235203,Pending
236430,Pending
234751,Pending
238056,Pending
236506,Pending
238000,Pending
238068,Pending
234758,Pending
234876,Pending
238598,Pending
236434,Pending
236378,Pending
234763,Pending
236479,Pending
544358,Pending
238604,Pending
234835,Pending
237989,Pending
237976,Pending
234768,Pending
234822,Pending
238399,Pending
234825,Pending
234771,Pending
237965,Pending
234808,Pending
234802,Pending
234792,Pending
238157,Pending
544359,Pending
238143,Pending
238164,Pending
236469,Pending
238179,Pending
246297,Pending
238170,Pending
238390,Pending
246460,Pending
246442,Pending
238183,Pending
238379,Pending
246452,Pending
243803,Pending
238244,Pending
538934,Pending
243817,Pending
238249,Pending
238191,Pending
243807,Pending
238072,Pending
237604,Pending
243821,Pending
238199,Pending
237824,Pending
243813,Pending
237829,Incomplete
237839,Incomplete
237843,Incomplete
237845,Incomplete
237850,Incomplete
538933,Incomplete
238124,Incomplete
243808,Incomplete
243824,Incomplete
243811,Incomplete
243818,Incomplete
237807,Incomplete
237818,Incomplete
237820,Incomplete
246474,Incomplete
554423,Incomplete
244086,Incomplete
237861,Incomplete
237881,Incomplete
237882,Incomplete
237866,Incomplete
237888,Incomplete
237886,Incomplete
238203,Incomplete
238214,Incomplete
238230,Incomplete
246481,Incomplete
238734,Incomplete
238740,Incomplete
246485,Incomplete
238280,Incomplete
238748,Incomplete
238272,Incomplete
538931,Incomplete
238258,Incomplete
238268,Incomplete
238803,Incomplete
238757,Incomplete
246490,Incomplete
238729,Incomplete
527102,Incomplete
243825,Incomplete
538932,Incomplete
243849,Incomplete
243841,Incomplete
238676,Incomplete
243875,Incomplete
238761,Incomplete
238724,Incomplete
243828,Incomplete
243860,Incomplete
246536,Incomplete
243865,Incomplete
246495,Incomplete
243845,Incomplete
246538,Incomplete
243833,Incomplete
238763,Incomplete
243827,Incomplete
238680,Incomplete
238722,Incomplete
243877,Incomplete
238799,Incomplete
246529,Incomplete
243831,Incomplete
238768,Incomplete
246543,Incomplete
243880,Incomplete
243855,Incomplete
243837,Incomplete
243870,Incomplete
238773,Incomplete
238719,Incomplete
238790,Incomplete
244093,Incomplete
238794,Incomplete
243894,Incomplete
238682,Incomplete
238714,Incomplete
246501,Incomplete
243899,Incomplete
243892,Incomplete
238780,Incomplete
238787,Incomplete
246549,Incomplete
244077,Incomplete
238696,Incomplete
244073,Incomplete
238707,Incomplete
238685,Incomplete
243903,Incomplete
238812,Incomplete
238702,Incomplete
246508,Incomplete
246581,Incomplete
238689,Incomplete
244067,Incomplete
243905,Incomplete
238818,Incomplete
246513,Incomplete
246556,Incomplete
246588,Incomplete
244061,Incomplete
238825,Incomplete
244057,Incomplete
246594,Incomplete
538935,Incomplete
238827,Incomplete
246518,Incomplete
238831,Incomplete
246561,Incomplete
244052,Incomplete
238834,Incomplete
244048,Incomplete
244045,Incomplete
238838,Incomplete
246709,Incomplete
246644,Incomplete
247021,Incomplete
538936,Incomplete
246705,Incomplete
243913,Incomplete
238842,Incomplete
244040,Incomplete
238846,Incomplete
247005,Incomplete
246642,Incomplete
244034,Incomplete
243924,Incomplete
243918,Incomplete
238849,Incomplete
247014,Incomplete
246700,Incomplete
246674,Incomplete
246628,Incomplete
246692,Incomplete
246625,Incomplete
246633,Incomplete
246686,Incomplete
246614,Incomplete
246621,Incomplete
246992,Incomplete
243935,Incomplete
244016,Incomplete
246608,Incomplete
246650,Incomplete
243948,Incomplete
246976,Incomplete
244012,Incomplete
244006,Incomplete
243960,Incomplete
243943,Incomplete
244158,Incomplete
243984,Incomplete
243954,Incomplete
246984,Incomplete
244258,Incomplete
243989,Incomplete
246967,Incomplete
244163,Incomplete
243995,Incomplete
244000,Incomplete
246882,Incomplete
244167,Incomplete
246862,Incomplete
246874,Incomplete
246868,Incomplete
244186,Incomplete
538937,Incomplete
246853,Incomplete
246720,Incomplete
244190,Incomplete
244195,Incomplete
244199,Incomplete
244208,Incomplete
244211,Incomplete
244293,Incomplete
244155,Incomplete
244297,Incomplete
244141,Incomplete
244302,Incomplete
244147,Incomplete
244305,Incomplete
244145,Incomplete
244299,Incomplete
244353,Incomplete
244347,Incomplete
244137,Incomplete
244342,Incomplete
247032,Incomplete
247052,Incomplete
244335,Incomplete
244124,Incomplete
244311,Incomplete
244317,Incomplete
247038,Incomplete
247043,Incomplete
244282,Incomplete
244330,Incomplete
244134,Incomplete
246844,Incomplete
244284,Incomplete
244280,Incomplete
244129,Incomplete
244324,Incomplete
246728,Incomplete
246835,Incomplete
244320,Incomplete
244269,Incomplete
244110,Incomplete
244290,Incomplete
244287,Incomplete
244276,Incomplete
244272,Incomplete
246734,Incomplete
244265,Incomplete
247060,Incomplete
247080,Incomplete
247066,Incomplete
247085,Incomplete
247074,Incomplete
246744,Incomplete
247626,Incomplete
247623,Incomplete
247631,Incomplete
246751,Incomplete
247635,Incomplete
247629,Incomplete
246828,Incomplete
247640,Incomplete
247633,Incomplete
246824,Incomplete
246767,Incomplete
247637,Incomplete
247645,Incomplete
246770,Incomplete
246819,Incomplete
247641,Incomplete
246759,Incomplete
246762,Incomplete
246783,Incomplete
247647,Incomplete
246810,Incomplete
247649,Incomplete
246804,Incomplete
246801,Incomplete
246789,Incomplete
246776,Incomplete
247511,Incomplete
247653,Incomplete
247651,Incomplete
247522,Incomplete
247520,Incomplete
247655,Incomplete
247659,Incomplete
247525,Incomplete
247513,Incomplete
247657,Incomplete
247661,Incomplete
247517,Incomplete
247563,Incomplete
247527,Incomplete
247665,Incomplete
247668,Incomplete
247663,Incomplete
247530,Incomplete
247669,Incomplete
247664,Incomplete
247550,Incomplete
247533,Incomplete
247672,Incomplete
247666,Incomplete
247670,Incomplete
247675,Incomplete
247673,Incomplete
247570,Incomplete
247671,Incomplete
247543,Incomplete
247544,Incomplete
247572,Incomplete
247541,Incomplete
247674,Incomplete
247552,Incomplete
247538,Incomplete
247537,Incomplete
247555,Incomplete
247542,Incomplete
247501,Incomplete
247503,Incomplete
247574,Incomplete
247559,Incomplete
247560,Incomplete
247494,Incomplete
247496,Incomplete
247579,Incomplete
247577,Incomplete
247489,Incomplete
247491,Incomplete
247583,Incomplete
247488,Incomplete
